Purdue Fort Wayne Mastodons Missed JumpShot	https://willfulbytes.com/games/captures/401483365-401483365101807101.jpeg
Michigan Wolverines Block Shot	https://willfulbytes.com/games/captures/401483365-401483365101807102.jpeg
Michigan Wolverines Made JumpShot	https://willfulbytes.com/games/captures/401483365-401483365101809901.jpeg
Purdue Fort Wayne Mastodons Made JumpShot	https://willfulbytes.com/games/captures/401483365-401483365101815301.jpeg
Michigan Wolverines Missed JumpShot	https://willfulbytes.com/games/captures/401483365-401483365101817101.jpeg
Purdue Fort Wayne Mastodons Defensive Rebound	https://willfulbytes.com/games/captures/401483365-401483365101817401.jpeg
Purdue Fort Wayne Mastodons Made JumpShot	https://willfulbytes.com/games/captures/401483365-401483365101817901.jpeg
Michigan Wolverines PersonalFoul	https://willfulbytes.com/games/captures/401483365-401483365101819601.jpeg
Purdue Fort Wayne Mastodons Missed JumpShot	https://willfulbytes.com/games/captures/401483365-401483365101825001.jpeg
Michigan Wolverines Defensive Rebound	https://willfulbytes.com/games/captures/401483365-401483365101825401.jpeg
Michigan Wolverines Missed JumpShot	https://willfulbytes.com/games/captures/401483365-401483365101826901.jpeg
Purdue Fort Wayne Mastodons Defensive Rebound	https://willfulbytes.com/games/captures/401483365-401483365101827301.jpeg
Michigan Wolverines Made JumpShot	https://willfulbytes.com/games/captures/401483365-401483365101834701.jpeg
Michigan Wolverines Steal	https://willfulbytes.com/games/captures/401483365-401483365101836002.jpeg
Purdue Fort Wayne Mastodons Missed JumpShot	https://willfulbytes.com/games/captures/401483365-401483365101838201.jpeg
Michigan Wolverines Missed JumpShot	https://willfulbytes.com/games/captures/401483365-401483365101839801.jpeg
Purdue Fort Wayne Mastodons Defensive Rebound	https://willfulbytes.com/games/captures/401483365-401483365101844201.jpeg
Purdue Fort Wayne Mastodons Missed LayUpShot	https://willfulbytes.com/games/captures/401483365-401483365101845701.jpeg
Michigan Wolverines Defensive Rebound	https://willfulbytes.com/games/captures/401483365-401483365101846001.jpeg
Purdue Fort Wayne Mastodons Made LayUpShot	https://willfulbytes.com/games/captures/401483365-401483365101848201.jpeg
Michigan Wolverines Made LayUpShot	https://willfulbytes.com/games/captures/401483365-401483365101849501.jpeg
Michigan Wolverines Made JumpShot	https://willfulbytes.com/games/captures/401483365-401483365101856301.jpeg
Purdue Fort Wayne Mastodons Lost Ball Turnover	https://willfulbytes.com/games/captures/401483365-401483365101857601.jpeg
Michigan Wolverines Steal	https://willfulbytes.com/games/captures/401483365-401483365101857602.jpeg
Michigan Wolverines Missed JumpShot	https://willfulbytes.com/games/captures/401483365-401483365101858101.jpeg
Michigan Wolverines Offensive Rebound	https://willfulbytes.com/games/captures/401483365-401483365101858401.jpeg
Michigan Wolverines Made LayUpShot	https://willfulbytes.com/games/captures/401483365-401483365101858402.jpeg
Purdue Fort Wayne Mastodons PersonalFoul	https://willfulbytes.com/games/captures/401483365-401483365101858403.jpeg
Michigan Wolverines Made MadeFreeThrow	https://willfulbytes.com/games/captures/401483365-401483365101858404.jpeg
Purdue Fort Wayne Mastodons Missed JumpShot	https://willfulbytes.com/games/captures/401483365-401483365101864701.jpeg
Michigan Wolverines Defensive Rebound	https://willfulbytes.com/games/captures/401483365-401483365101865101.jpeg
Michigan Wolverines Made JumpShot	https://willfulbytes.com/games/captures/401483365-401483365101865601.jpeg
Purdue Fort Wayne Mastodons Missed JumpShot	https://willfulbytes.com/games/captures/401483365-401483365101867501.jpeg
Purdue Fort Wayne Mastodons Offensive Rebound	https://willfulbytes.com/games/captures/401483365-401483365101868001.jpeg
Purdue Fort Wayne Mastodons Missed JumpShot	https://willfulbytes.com/games/captures/401483365-401483365101869501.jpeg
Michigan Wolverines Defensive Rebound	https://willfulbytes.com/games/captures/401483365-401483365101869901.jpeg
Michigan Wolverines Made LayUpShot	https://willfulbytes.com/games/captures/401483365-401483365101874701.jpeg
Purdue Fort Wayne Mastodons Missed JumpShot	https://willfulbytes.com/games/captures/401483365-401483365101876301.jpeg
Purdue Fort Wayne Mastodons Offensive Rebound	https://willfulbytes.com/games/captures/401483365-401483365101876801.jpeg
Purdue Fort Wayne Mastodons Missed LayUpShot	https://willfulbytes.com/games/captures/401483365-401483365101878001.jpeg
Michigan Wolverines Block Shot	https://willfulbytes.com/games/captures/401483365-401483365101878002.jpeg
Purdue Fort Wayne Mastodons Missed JumpShot	https://willfulbytes.com/games/captures/401483365-401483365101878301.jpeg
Michigan Wolverines Block Shot	https://willfulbytes.com/games/captures/401483365-401483365101878302.jpeg
Michigan Wolverines Defensive Rebound	https://willfulbytes.com/games/captures/401483365-401483365101878801.jpeg
Michigan Wolverines Made JumpShot	https://willfulbytes.com/games/captures/401483365-401483365101879401.jpeg
Purdue Fort Wayne Mastodons Missed JumpShot	https://willfulbytes.com/games/captures/401483365-401483365101885101.jpeg
Michigan Wolverines Defensive Rebound	https://willfulbytes.com/games/captures/401483365-401483365101886001.jpeg
Michigan Wolverines Made JumpShot	https://willfulbytes.com/games/captures/401483365-401483365101886301.jpeg
Michigan Wolverines Missed JumpShot	https://willfulbytes.com/games/captures/401483365-401483365101887701.jpeg
Purdue Fort Wayne Mastodons Defensive Rebound	https://willfulbytes.com/games/captures/401483365-401483365101888001.jpeg
Purdue Fort Wayne Mastodons Lost Ball Turnover	https://willfulbytes.com/games/captures/401483365-401483365101889601.jpeg
Michigan Wolverines Made LayUpShot	https://willfulbytes.com/games/captures/401483365-401483365101894601.jpeg
Purdue Fort Wayne Mastodons Made LayUpShot	https://willfulbytes.com/games/captures/401483365-401483365101895401.jpeg
Michigan Wolverines Missed LayUpShot	https://willfulbytes.com/games/captures/401483365-401483365101897001.jpeg
Purdue Fort Wayne Mastodons Block Shot	https://willfulbytes.com/games/captures/401483365-401483365101897002.jpeg
Purdue Fort Wayne Mastodons Missed JumpShot	https://willfulbytes.com/games/captures/401483365-401483365101898801.jpeg
Purdue Fort Wayne Mastodons Offensive Rebound	https://willfulbytes.com/games/captures/401483365-401483365101899101.jpeg
Purdue Fort Wayne Mastodons Made LayUpShot	https://willfulbytes.com/games/captures/401483365-401483365101899201.jpeg
Michigan Wolverines Missed JumpShot	https://willfulbytes.com/games/captures/401483365-401483365101905701.jpeg
Michigan Wolverines Missed JumpShot	https://willfulbytes.com/games/captures/401483365-401483365101907901.jpeg
Purdue Fort Wayne Mastodons Made JumpShot	https://willfulbytes.com/games/captures/401483365-401483365101908901.jpeg
Michigan Wolverines Missed MadeFreeThrow	https://willfulbytes.com/games/captures/401483365-401483365101915602.jpeg
Purdue Fort Wayne Mastodons Made JumpShot	https://willfulbytes.com/games/captures/401483365-401483365101917101.jpeg
Purdue Fort Wayne Mastodons Steal	https://willfulbytes.com/games/captures/401483365-401483365101919202.jpeg
Purdue Fort Wayne Mastodons Missed JumpShot	https://willfulbytes.com/games/captures/401483365-401483365101919701.jpeg
Michigan Wolverines Defensive Rebound	https://willfulbytes.com/games/captures/401483365-401483365101924001.jpeg
Michigan Wolverines Made JumpShot	https://willfulbytes.com/games/captures/401483365-401483365101924401.jpeg
Purdue Fort Wayne Mastodons Made JumpShot	https://willfulbytes.com/games/captures/401483365-401483365101926001.jpeg
Michigan Wolverines Missed JumpShot	https://willfulbytes.com/games/captures/401483365-401483365101927301.jpeg
Purdue Fort Wayne Mastodons Defensive Rebound	https://willfulbytes.com/games/captures/401483365-401483365101927701.jpeg
Michigan Wolverines Made LayUpShot	https://willfulbytes.com/games/captures/401483365-401483365101934301.jpeg
Purdue Fort Wayne Mastodons Missed LayUpShot	https://willfulbytes.com/games/captures/401483365-401483365101936001.jpeg
Michigan Wolverines Block Shot	https://willfulbytes.com/games/captures/401483365-401483365101936002.jpeg
Michigan Wolverines Missed JumpShot	https://willfulbytes.com/games/captures/401483365-401483365101937701.jpeg
Purdue Fort Wayne Mastodons Defensive Rebound	https://willfulbytes.com/games/captures/401483365-401483365101938001.jpeg
Michigan Wolverines Steal	https://willfulbytes.com/games/captures/401483365-401483365101939502.jpeg
Michigan Wolverines Missed LayUpShot	https://willfulbytes.com/games/captures/401483365-401483365101944101.jpeg
Purdue Fort Wayne Mastodons Block Shot	https://willfulbytes.com/games/captures/401483365-401483365101944102.jpeg
Purdue Fort Wayne Mastodons Missed JumpShot	https://willfulbytes.com/games/captures/401483365-401483365101945501.jpeg
Michigan Wolverines Defensive Rebound	https://willfulbytes.com/games/captures/401483365-401483365101945901.jpeg
Michigan Wolverines Missed JumpShot	https://willfulbytes.com/games/captures/401483365-401483365101946401.jpeg
Michigan Wolverines Offensive Rebound	https://willfulbytes.com/games/captures/401483365-401483365101946601.jpeg
Purdue Fort Wayne Mastodons Missed JumpShot	https://willfulbytes.com/games/captures/401483365-401483365101948901.jpeg
Michigan Wolverines Made LayUpShot	https://willfulbytes.com/games/captures/401483365-401483365101949901.jpeg
Michigan Wolverines Made LayUpShot	https://willfulbytes.com/games/captures/401483365-401483365101957101.jpeg
Michigan Wolverines Steal	https://willfulbytes.com/games/captures/401483365-401483365101957702.jpeg
Michigan Wolverines Missed LayUpShot	https://willfulbytes.com/games/captures/401483365-401483365101958201.jpeg
Purdue Fort Wayne Mastodons Made JumpShot	https://willfulbytes.com/games/captures/401483365-401483365101964001.jpeg
Purdue Fort Wayne Mastodons Missed JumpShot	https://willfulbytes.com/games/captures/401483365-401483365101967501.jpeg
Michigan Wolverines Missed LayUpShot	https://willfulbytes.com/games/captures/401483365-401483365101969301.jpeg
Purdue Fort Wayne Mastodons Made JumpShot	https://willfulbytes.com/games/captures/401483365-401483365101974101.jpeg
Michigan Wolverines Missed JumpShot	https://willfulbytes.com/games/captures/401483365-401483365101976701.jpeg
Purdue Fort Wayne Mastodons Defensive Rebound	https://willfulbytes.com/games/captures/401483365-401483365101977101.jpeg
Michigan Wolverines Missed JumpShot	https://willfulbytes.com/games/captures/401483365-401483365101984301.jpeg
Purdue Fort Wayne Mastodons Made LayUpShot	https://willfulbytes.com/games/captures/401483365-401483365101986201.jpeg
Michigan Wolverines Missed JumpShot	https://willfulbytes.com/games/captures/401483365-401483365101988201.jpeg
Purdue Fort Wayne Mastodons Missed JumpShot	https://willfulbytes.com/games/captures/401483365-401483365101989801.jpeg
Purdue Fort Wayne Mastodons Offensive Rebound	https://willfulbytes.com/games/captures/401483365-401483365101994001.jpeg
Purdue Fort Wayne Mastodons Missed JumpShot	https://willfulbytes.com/games/captures/401483365-401483365101997201.jpeg
Michigan Wolverines Defensive Rebound	https://willfulbytes.com/games/captures/401483365-401483365101997601.jpeg
Michigan Wolverines Made JumpShot	https://willfulbytes.com/games/captures/401483365-401483365101999301.jpeg
Michigan Wolverines Made JumpShot	https://willfulbytes.com/games/captures/401483365-401483365102805501.jpeg
Purdue Fort Wayne Mastodons Missed JumpShot	https://willfulbytes.com/games/captures/401483365-401483365102806901.jpeg
Purdue Fort Wayne Mastodons Missed JumpShot	https://willfulbytes.com/games/captures/401483365-401483365102809601.jpeg
Michigan Wolverines Defensive Rebound	https://willfulbytes.com/games/captures/401483365-401483365102809901.jpeg
Michigan Wolverines Missed JumpShot	https://willfulbytes.com/games/captures/401483365-401483365102815101.jpeg
Michigan Wolverines Made DunkShot	https://willfulbytes.com/games/captures/401483365-401483365102816801.jpeg
Purdue Fort Wayne Mastodons Missed JumpShot	https://willfulbytes.com/games/captures/401483365-401483365102819501.jpeg
Purdue Fort Wayne Mastodons Missed JumpShot	https://willfulbytes.com/games/captures/401483365-401483365102826301.jpeg
Michigan Wolverines Defensive Rebound	https://willfulbytes.com/games/captures/401483365-401483365102826701.jpeg
Michigan Wolverines Missed JumpShot	https://willfulbytes.com/games/captures/401483365-401483365102827601.jpeg
Purdue Fort Wayne Mastodons Defensive Rebound	https://willfulbytes.com/games/captures/401483365-401483365102827901.jpeg
Purdue Fort Wayne Mastodons Missed JumpShot	https://willfulbytes.com/games/captures/401483365-401483365102828601.jpeg
Purdue Fort Wayne Mastodons Made JumpShot	https://willfulbytes.com/games/captures/401483365-401483365102834401.jpeg
Michigan Wolverines Made DunkShot	https://willfulbytes.com/games/captures/401483365-401483365102836501.jpeg
Purdue Fort Wayne Mastodons Missed JumpShot	https://willfulbytes.com/games/captures/401483365-401483365102838101.jpeg
Michigan Wolverines Defensive Rebound	https://willfulbytes.com/games/captures/401483365-401483365102838401.jpeg
Michigan Wolverines Made DunkShot	https://willfulbytes.com/games/captures/401483365-401483365102844002.jpeg
Purdue Fort Wayne Mastodons PersonalFoul	https://willfulbytes.com/games/captures/401483365-401483365102844003.jpeg
Purdue Fort Wayne Mastodons Made LayUpShot	https://willfulbytes.com/games/captures/401483365-401483365102847501.jpeg
Purdue Fort Wayne Mastodons Missed JumpShot	https://willfulbytes.com/games/captures/401483365-401483365102854701.jpeg
Michigan Wolverines Missed LayUpShot	https://willfulbytes.com/games/captures/401483365-401483365102856501.jpeg
Purdue Fort Wayne Mastodons Missed JumpShot	https://willfulbytes.com/games/captures/401483365-401483365102857801.jpeg
Michigan Wolverines Made JumpShot	https://willfulbytes.com/games/captures/401483365-401483365102859501.jpeg
Purdue Fort Wayne Mastodons Made JumpShot	https://willfulbytes.com/games/captures/401483365-401483365102866201.jpeg
Michigan Wolverines Made LayUpShot	https://willfulbytes.com/games/captures/401483365-401483365102867701.jpeg
Purdue Fort Wayne Mastodons Missed LayUpShot	https://willfulbytes.com/games/captures/401483365-401483365102869601.jpeg
Michigan Wolverines Block Shot	https://willfulbytes.com/games/captures/401483365-401483365102869602.jpeg
Purdue Fort Wayne Mastodons Missed JumpShot	https://willfulbytes.com/games/captures/401483365-401483365102874301.jpeg
Michigan Wolverines Made LayUpShot	https://willfulbytes.com/games/captures/401483365-401483365102874901.jpeg
Purdue Fort Wayne Mastodons Missed JumpShot	https://willfulbytes.com/games/captures/401483365-401483365102877501.jpeg
Michigan Wolverines Missed LayUpShot	https://willfulbytes.com/games/captures/401483365-401483365102878601.jpeg
Purdue Fort Wayne Mastodons Defensive Rebound	https://willfulbytes.com/games/captures/401483365-401483365102878901.jpeg
Purdue Fort Wayne Mastodons Made JumpShot	https://willfulbytes.com/games/captures/401483365-401483365102879301.jpeg
Michigan Wolverines Missed JumpShot	https://willfulbytes.com/games/captures/401483365-401483365102886201.jpeg
Purdue Fort Wayne Mastodons Missed JumpShot	https://willfulbytes.com/games/captures/401483365-401483365102887001.jpeg
Michigan Wolverines Missed JumpShot	https://willfulbytes.com/games/captures/401483365-401483365102888001.jpeg
Purdue Fort Wayne Mastodons Made JumpShot	https://willfulbytes.com/games/captures/401483365-401483365102894301.jpeg
Purdue Fort Wayne Mastodons Missed JumpShot	https://willfulbytes.com/games/captures/401483365-401483365102897901.jpeg
Michigan Wolverines Missed JumpShot	https://willfulbytes.com/games/captures/401483365-401483365102904801.jpeg
Purdue Fort Wayne Mastodons Missed LayUpShot	https://willfulbytes.com/games/captures/401483365-401483365102906201.jpeg
Michigan Wolverines Missed JumpShot	https://willfulbytes.com/games/captures/401483365-401483365102907901.jpeg
Purdue Fort Wayne Mastodons Missed JumpShot	https://willfulbytes.com/games/captures/401483365-401483365102917901.jpeg
Purdue Fort Wayne Mastodons Made JumpShot	https://willfulbytes.com/games/captures/401483365-401483365102919401.jpeg
Michigan Wolverines Missed JumpShot	https://willfulbytes.com/games/captures/401483365-401483365102925901.jpeg
Purdue Fort Wayne Mastodons Missed LayUpShot	https://willfulbytes.com/games/captures/401483365-401483365102928501.jpeg
Michigan Wolverines Block Shot	https://willfulbytes.com/games/captures/401483365-401483365102928502.jpeg
Michigan Wolverines Made LayUpShot	https://willfulbytes.com/games/captures/401483365-401483365102935401.jpeg
Purdue Fort Wayne Mastodons Made DunkShot	https://willfulbytes.com/games/captures/401483365-401483365102936701.jpeg
Michigan Wolverines Missed JumpShot	https://willfulbytes.com/games/captures/401483365-401483365102938401.jpeg
Purdue Fort Wayne Mastodons Defensive Rebound	https://willfulbytes.com/games/captures/401483365-401483365102939001.jpeg
Purdue Fort Wayne Mastodons Missed JumpShot	https://willfulbytes.com/games/captures/401483365-401483365102944401.jpeg
Michigan Wolverines Defensive Rebound	https://willfulbytes.com/games/captures/401483365-401483365102944801.jpeg
Michigan Wolverines Missed JumpShot	https://willfulbytes.com/games/captures/401483365-401483365102945401.jpeg
Purdue Fort Wayne Mastodons Missed JumpShot	https://willfulbytes.com/games/captures/401483365-401483365102946901.jpeg
Michigan Wolverines Made JumpShot	https://willfulbytes.com/games/captures/401483365-401483365102948201.jpeg
Purdue Fort Wayne Mastodons Missed JumpShot	https://willfulbytes.com/games/captures/401483365-401483365102955401.jpeg
Michigan Wolverines Made LayUpShot	https://willfulbytes.com/games/captures/401483365-401483365102956301.jpeg
Purdue Fort Wayne Mastodons Missed JumpShot	https://willfulbytes.com/games/captures/401483365-401483365102959101.jpeg
Michigan Wolverines Defensive Rebound	https://willfulbytes.com/games/captures/401483365-401483365102959501.jpeg
Michigan Wolverines Made JumpShot	https://willfulbytes.com/games/captures/401483365-401483365102964201.jpeg
Purdue Fort Wayne Mastodons Missed JumpShot	https://willfulbytes.com/games/captures/401483365-401483365102966801.jpeg
Michigan Wolverines Missed JumpShot	https://willfulbytes.com/games/captures/401483365-401483365102968201.jpeg
Purdue Fort Wayne Mastodons Missed JumpShot	https://willfulbytes.com/games/captures/401483365-401483365102969601.jpeg
Michigan Wolverines Missed JumpShot	https://willfulbytes.com/games/captures/401483365-401483365102975201.jpeg
Purdue Fort Wayne Mastodons Missed JumpShot	https://willfulbytes.com/games/captures/401483365-401483365102977201.jpeg
Purdue Fort Wayne Mastodons Made JumpShot	https://willfulbytes.com/games/captures/401483365-401483365102978701.jpeg
Michigan Wolverines Missed JumpShot	https://willfulbytes.com/games/captures/401483365-401483365102985001.jpeg
Michigan Wolverines Made LayUpShot	https://willfulbytes.com/games/captures/401483365-401483365102986901.jpeg
Purdue Fort Wayne Mastodons Made LayUpShot	https://willfulbytes.com/games/captures/401483365-401483365102988001.jpeg
Ohio State Buckeyes Missed JumpShot	https://willfulbytes.com/games/captures/401514424-401514424101805101.jpeg
Purdue Boilermakers Made JumpShot	https://willfulbytes.com/games/captures/401514424-401514424101806701.jpeg
Ohio State Buckeyes Made LayUpShot	https://willfulbytes.com/games/captures/401514424-401514424101809501.jpeg
Purdue Boilermakers Made JumpShot	https://willfulbytes.com/games/captures/401514424-401514424101815901.jpeg
Ohio State Buckeyes Missed JumpShot	https://willfulbytes.com/games/captures/401514424-401514424101825501.jpeg
Purdue Boilermakers Defensive Rebound	https://willfulbytes.com/games/captures/401514424-401514424101825502.jpeg
Purdue Boilermakers Made JumpShot	https://willfulbytes.com/games/captures/401514424-401514424101826401.jpeg
Ohio State Buckeyes Missed JumpShot	https://willfulbytes.com/games/captures/401514424-401514424101828301.jpeg
Purdue Boilermakers Made JumpShot	https://willfulbytes.com/games/captures/401514424-401514424101834101.jpeg
Purdue Boilermakers Missed LayUpShot	https://willfulbytes.com/games/captures/401514424-401514424101838201.jpeg
Ohio State Buckeyes Made JumpShot	https://willfulbytes.com/games/captures/401514424-401514424101839701.jpeg
Purdue Boilermakers Made DunkShot	https://willfulbytes.com/games/captures/401514424-401514424101845901.jpeg
Ohio State Buckeyes Made DunkShot	https://willfulbytes.com/games/captures/401514424-401514424101847301.jpeg
Purdue Boilermakers Made JumpShot	https://willfulbytes.com/games/captures/401514424-401514424101848801.jpeg
Ohio State Buckeyes Made JumpShot	https://willfulbytes.com/games/captures/401514424-401514424101854901.jpeg
Purdue Boilermakers Made DunkShot	https://willfulbytes.com/games/captures/401514424-401514424101857401.jpeg
Ohio State Buckeyes Made JumpShot	https://willfulbytes.com/games/captures/401514424-401514424101859001.jpeg
Ohio State Buckeyes Missed JumpShot	https://willfulbytes.com/games/captures/401514424-401514424101868601.jpeg
Purdue Boilermakers Missed LayUpShot	https://willfulbytes.com/games/captures/401514424-401514424101874001.jpeg
Ohio State Buckeyes Made JumpShot	https://willfulbytes.com/games/captures/401514424-401514424101875801.jpeg
Ohio State Buckeyes Made LayUpShot	https://willfulbytes.com/games/captures/401514424-401514424101879101.jpeg
Ohio State Buckeyes Made DunkShot	https://willfulbytes.com/games/captures/401514424-401514424101887701.jpeg
Purdue Boilermakers Missed JumpShot	https://willfulbytes.com/games/captures/401514424-401514424101894301.jpeg
Ohio State Buckeyes Missed JumpShot	https://willfulbytes.com/games/captures/401514424-401514424101897001.jpeg
Ohio State Buckeyes Made JumpShot	https://willfulbytes.com/games/captures/401514424-401514424101897501.jpeg
Ohio State Buckeyes Missed JumpShot	https://willfulbytes.com/games/captures/401514424-401514424101906201.jpeg
Purdue Boilermakers Missed JumpShot	https://willfulbytes.com/games/captures/401514424-401514424101908901.jpeg
Purdue Boilermakers Block Shot	https://willfulbytes.com/games/captures/401514424-401514424101914802.jpeg
Ohio State Buckeyes Missed JumpShot	https://willfulbytes.com/games/captures/401514424-401514424101915501.jpeg
Ohio State Buckeyes Made JumpShot	https://willfulbytes.com/games/captures/401514424-401514424101918201.jpeg
Purdue Boilermakers Made LayUpShot	https://willfulbytes.com/games/captures/401514424-401514424101928801.jpeg
Ohio State Buckeyes Made JumpShot	https://willfulbytes.com/games/captures/401514424-401514424101934701.jpeg
Purdue Boilermakers Missed JumpShot	https://willfulbytes.com/games/captures/401514424-401514424101936501.jpeg
Purdue Boilermakers Made LayUpShot	https://willfulbytes.com/games/captures/401514424-401514424101937001.jpeg
Purdue Boilermakers Missed LayUpShot	https://willfulbytes.com/games/captures/401514424-401514424101945001.jpeg
Ohio State Buckeyes Missed JumpShot	https://willfulbytes.com/games/captures/401514424-401514424101947801.jpeg
Purdue Boilermakers Block Shot	https://willfulbytes.com/games/captures/401514424-401514424101947803.jpeg
Ohio State Buckeyes Missed JumpShot	https://willfulbytes.com/games/captures/401514424-401514424101959401.jpeg
Purdue Boilermakers Made JumpShot	https://willfulbytes.com/games/captures/401514424-401514424101965901.jpeg
Ohio State Buckeyes Made JumpShot	https://willfulbytes.com/games/captures/401514424-401514424101968401.jpeg
Purdue Boilermakers Missed JumpShot	https://willfulbytes.com/games/captures/401514424-401514424101974201.jpeg
Purdue Boilermakers Made JumpShot	https://willfulbytes.com/games/captures/401514424-401514424101975501.jpeg
Ohio State Buckeyes Missed JumpShot	https://willfulbytes.com/games/captures/401514424-401514424101977201.jpeg
Purdue Boilermakers Made JumpShot	https://willfulbytes.com/games/captures/401514424-401514424101978201.jpeg
Purdue Boilermakers Missed LayUpShot	https://willfulbytes.com/games/captures/401514424-401514424101987701.jpeg
Ohio State Buckeyes Missed JumpShot	https://willfulbytes.com/games/captures/401514424-401514424101994201.jpeg
Purdue Boilermakers Missed LayUpShot	https://willfulbytes.com/games/captures/401514424-401514424101995601.jpeg
Ohio State Buckeyes Missed JumpShot	https://willfulbytes.com/games/captures/401514424-401514424101998201.jpeg
Purdue Boilermakers Made JumpShot	https://willfulbytes.com/games/captures/401514424-401514424101999101.jpeg
